{"cameraMode":{"drawMode":0,"name":"Shaded","section":"Shading Mode"},"sceneLighting":false,"audioPlay":false,"sceneViewState":{"m_AlwaysRefresh":false,"showFog":true,"showSkybox":false,"showFlares":true,"showImageEffects":true,"showParticleSystems":true,"showVisualEffectGraphs":true,"m_FxEnabled":true},"in2DMode":false,"pivot":{"x":-0.2464674413204193,"y":0.029727395623922349,"z":-0.20452922582626344},"rotation":{"x":-0.0925167053937912,"y":0.5141938328742981,"z":-0.05591251701116562,"w":-0.8508498668670654},"size":0.11590711772441864,"orthographic":false}