{"cameraMode":{"drawMode":0,"name":"Shaded","section":"Shading Mode"},"sceneLighting":false,"audioPlay":false,"sceneViewState":{"m_AlwaysRefresh":false,"showFog":true,"showSkybox":false,"showFlares":true,"showImageEffects":true,"showParticleSystems":true,"showVisualEffectGraphs":true,"m_FxEnabled":true},"in2DMode":false,"pivot":{"x":2.9662833213806154,"y":1.5000035762786866,"z":-4.392576694488525},"rotation":{"x":0.018276292830705644,"y":0.9802690744400024,"z":-0.1635405719280243,"w":0.10955767333507538},"size":2.210113763809204,"orthographic":false}