{"cameraMode":{"drawMode":0,"name":"Shaded","section":"Shading Mode"},"sceneLighting":false,"audioPlay":false,"sceneViewState":{"m_AlwaysRefresh":false,"showFog":true,"showSkybox":false,"showFlares":true,"showImageEffects":true,"showParticleSystems":true,"showVisualEffectGraphs":true,"m_FxEnabled":true},"in2DMode":false,"pivot":{"x":-0.1832866668701172,"y":3.2801637649536135,"z":-6.590043544769287},"rotation":{"x":0.018276292830705644,"y":0.9802690744400024,"z":-0.1635405719280243,"w":0.10955767333507538},"size":11.19653034210205,"orthographic":false}