{"cameraMode":{"drawMode":0,"name":"Shaded","section":"Shading Mode"},"sceneLighting":false,"audioPlay":false,"sceneViewState":{"m_AlwaysRefresh":false,"showFog":true,"showSkybox":false,"showFlares":true,"showImageEffects":true,"showParticleSystems":true,"showVisualEffectGraphs":true,"m_FxEnabled":true},"in2DMode":false,"pivot":{"x":-0.0021952390670776369,"y":0.86533522605896,"z":2.119999885559082},"rotation":{"x":-0.3915277123451233,"y":0.00883067399263382,"z":-0.003757630940526724,"w":-0.9201194047927856},"size":1.3551706075668336,"orthographic":false}