{"cameraMode":{"drawMode":0,"name":"Shaded","section":"Shading Mode"},"sceneLighting":false,"audioPlay":false,"sceneViewState":{"m_AlwaysRefresh":false,"showFog":true,"showSkybox":false,"showFlares":true,"showImageEffects":true,"showParticleSystems":true,"showVisualEffectGraphs":true,"m_FxEnabled":true},"in2DMode":false,"pivot":{"x":0.33728349208831789,"y":-0.4346970319747925,"z":0.08246609568595886},"rotation":{"x":0.5065246820449829,"y":-0.31334948539733889,"z":0.7768574953079224,"w":0.20431643724441529},"size":0.6235111951828003,"orthographic":false}