{"cameraMode":{"drawMode":0,"name":"Shaded","section":"Shading Mode"},"sceneLighting":false,"audioPlay":false,"sceneViewState":{"m_AlwaysRefresh":false,"showFog":true,"showSkybox":false,"showFlares":true,"showImageEffects":true,"showParticleSystems":true,"showVisualEffectGraphs":true,"m_FxEnabled":true},"in2DMode":false,"pivot":{"x":7.9304728507995609,"y":0.5010758638381958,"z":27.74764060974121},"rotation":{"x":0.0029407679103314878,"y":-0.996911346912384,"z":-0.046080511063337329,"w":-0.0637824609875679},"size":1.5347670316696168,"orthographic":false}