{"cameraMode":{"drawMode":0,"name":"Shaded","section":"Shading Mode"},"sceneLighting":false,"audioPlay":false,"sceneViewState":{"m_AlwaysRefresh":false,"showFog":true,"showSkybox":false,"showFlares":true,"showImageEffects":true,"showParticleSystems":true,"showVisualEffectGraphs":true,"m_FxEnabled":true},"in2DMode":false,"pivot":{"x":0.009387195110321045,"y":0.1636849343776703,"z":0.01809900999069214},"rotation":{"x":-0.15617485344409944,"y":-0.17326761782169343,"z":0.02783907763659954,"w":-0.9720158576965332},"size":0.07506760954856873,"orthographic":false}