{"cameraMode":{"drawMode":0,"name":"Shaded","section":"Shading Mode"},"sceneLighting":false,"audioPlay":false,"sceneViewState":{"m_AlwaysRefresh":false,"showFog":true,"showSkybox":false,"showFlares":true,"showImageEffects":true,"showParticleSystems":true,"showVisualEffectGraphs":true,"m_FxEnabled":true},"in2DMode":false,"pivot":{"x":-2.7170000076293947,"y":0.5709999799728394,"z":1.1299822330474854},"rotation":{"x":-0.11547815799713135,"y":0.8326874375343323,"z":-0.1895386427640915,"w":-0.5073215961456299},"size":0.08615163713693619,"orthographic":false}