{"cameraMode":{"drawMode":0,"name":"Shaded","section":"Shading Mode"},"sceneLighting":false,"audioPlay":false,"sceneViewState":{"m_AlwaysRefresh":false,"showFog":true,"showSkybox":false,"showFlares":true,"showImageEffects":true,"showParticleSystems":true,"showVisualEffectGraphs":true,"m_FxEnabled":true},"in2DMode":false,"pivot":{"x":7.725362777709961,"y":1.8172929286956788,"z":-12.050934791564942},"rotation":{"x":0.018276292830705644,"y":0.9802690744400024,"z":-0.1635405719280243,"w":0.10955767333507538},"size":1.307285189628601,"orthographic":false}