{"cameraMode":{"drawMode":0,"name":"Shaded","section":"Shading Mode"},"sceneLighting":false,"audioPlay":false,"sceneViewState":{"m_AlwaysRefresh":false,"showFog":true,"showSkybox":false,"showFlares":true,"showImageEffects":true,"showParticleSystems":true,"showVisualEffectGraphs":true,"m_FxEnabled":true},"in2DMode":false,"pivot":{"x":-0.0021952390670776369,"y":0.8645253777503967,"z":1.063999891281128},"rotation":{"x":-0.15244808793067933,"y":-0.455690860748291,"z":0.0795411765575409,"w":-0.8733739256858826},"size":1.7375743389129639,"orthographic":false}